17,97
17,118
17,129
17,150
17,172
17,204
17,300
17,322
33,118
33,140
33,150
33,161
33,172
33,182
33,204
33,236
33,300
33,311
33,322
49,97
49,118
49,140
49,161
49,172
49,182
49,215
49,225
49,236
49,279
49,290
49,300
49,322
65,97
65,140
65,150
65,161
65,182
65,193
65,204
65,247
65,257
65,290
81,97
81,129
81,161
81,182
81,193
97,97
97,129
97,150
97,161
97,204
97,247
97,257
97,268
97,279
97,290
97,322
113,97
113,118
113,129
113,140
113,150
113,161
113,204
113,257
129,86
129,118
129,129
129,150
129,161
129,182
129,193
129,204
129,215
129,257
129,268
145,11
145,129
145,140
145,150
145,172
145,268
145,300
145,322
161,11
161,118
161,140
161,172
161,182
161,193
161,204
161,215
161,225
161,236
161,247
161,279
161,300
161,322
177,97
177,129
177,140
177,172
177,182
177,193
177,204
177,215
177,225
177,236
177,279
177,311
177,322
193,172
193,182
193,193
193,204
193,215
193,225
193,236
193,290
193,300
193,311
193,322
209,129
209,172
209,182
209,193
209,204
209,215
209,225
209,236
209,247
209,290
209,300
209,322
225,129
225,172
225,182
225,193
225,204
225,215
225,225
225,236
225,247
225,257
225,279
225,290
225,300
225,322
241,22
241,129
241,161
241,172
241,182
241,193
241,204
241,215
241,225
241,236
241,257
241,268
241,279
241,290
241,300
257,118
257,129
257,140
257,182
257,193
257,215
257,225
257,236
257,257
257,279
257,290
257,300
273,118
273,140
273,182
273,193
273,215
273,225
273,236
273,257
273,290
273,300
273,322
289,215
289,225
289,236
289,257
289,268
289,279
289,290
289,300
289,322
305,182
305,193
305,204
305,215
305,225
305,247
305,257
305,268
305,279
305,290
305,322
321,204
321,215
321,236
321,247
321,290
321,300
337,204
337,215
337,236
337,247
337,268
337,300
353,97
353,182
353,236
353,247
353,268
353,279
353,290
353,322
369,32
369,43
369,97
369,161
369,172
369,193
369,236
369,247
369,257
369,279
385,22
385,32
385,43
385,97
385,161
385,172
385,182
385,193
385,204
385,215
385,225
385,236
385,247
385,257
385,268
401,11
401,22
401,32
401,43
401,161
401,172
401,193
401,204
401,215
401,225
401,236
401,247
401,257
417,22
417,32
417,86
417,97
417,118
417,182
417,193
417,204
417,215
417,225
433,22
433,32
433,43
433,86
433,97
433,118
433,225
433,236
449,11
449,22
449,32
449,43
449,86
449,107
449,236
465,11
465,22
465,32
465,86
465,107
465,161
481,11
481,22
481,32
481,75
481,86
481,97
481,161
481,268
