17,240
17,252
17,264
17,360
33,156
49,204
49,216
65,144
65,204
65,216
65,288
81,144
81,204
81,216
81,228
97,132
97,216
97,336
113,120
113,180
113,360
129,96
129,180
129,192
129,300
145,180
145,192
145,204
145,288
145,300
145,312
145,360
161,216
161,228
161,312
161,360
177,12
177,96
177,108
177,120
177,228
177,252
177,300
177,312
177,324
177,336
177,360
193,24
193,84
193,108
193,120
193,132
193,156
193,168
193,240
193,252
193,300
193,312
193,324
193,336
209,12
209,24
209,120
209,132
209,168
209,192
209,228
209,252
209,312
209,324
209,336
209,348
209,360
225,12
225,24
225,36
225,48
225,132
225,156
225,180
225,204
225,228
225,312
225,324
225,336
225,348
225,360
241,12
241,24
241,36
241,48
241,60
241,72
241,84
241,120
241,132
241,144
241,156
241,168
241,180
241,192
241,204
241,216
241,228
241,240
241,252
241,288
241,300
241,324
257,24
257,36
257,48
257,84
257,108
257,120
257,132
257,144
257,156
257,168
257,180
257,192
257,204
257,216
257,228
257,240
257,252
257,264
257,276
257,288
273,48
273,72
273,84
273,120
273,132
273,144
273,156
273,168
273,180
273,192
273,204
273,216
273,228
273,240
273,252
273,264
273,276
273,288
273,300
289,72
289,120
289,132
289,144
289,156
289,168
289,180
289,192
289,204
289,216
289,228
289,240
289,252
289,264
289,276
289,288
289,300
289,324
305,48
305,120
305,132
305,144
305,156
305,168
305,180
305,192
305,204
305,216
305,228
305,240
305,252
305,264
305,276
305,288
305,300
305,324
305,336
305,348
305,360
321,36
321,48
321,96
321,108
321,120
321,132
321,144
321,156
321,168
321,180
321,192
321,204
321,216
321,228
321,240
321,252
321,264
321,336
321,348
337,36
337,48
337,60
337,84
337,96
337,108
337,120
337,132
337,144
337,156
337,168
337,180
337,192
337,204
337,216
337,228
337,240
337,252
337,264
337,312
337,336
337,348
353,36
353,48
353,60
353,72
353,84
353,96
353,108
353,120
353,132
353,144
353,156
353,168
353,180
353,192
353,204
353,216
353,228
353,240
353,252
353,324
353,336
353,360
369,36
369,360
385,360
449,348
465,12
465,48
465,360
481,12
481,48
